[{"model": "admin.logentry", "pk": 20, "fields": {"action_time": "2021-05-15T18:02:25.428Z", "user": 14, "content_type": 9, "object_id": "1", "object_repr": "Volunteer: 2 ghosh(+917439395365) at 700124(address 2)", "action_flag": 2, "change_message": "[{\"changed\": {\"fields\": [\"Email\"]}}]"}}, {"model": "admin.logentry", "pk": 21, "fields": {"action_time": "2021-05-15T18:04:51.009Z", "user": 14, "content_type": 9, "object_id": "2", "object_repr": "Volunteer: 3 ghosh(+917439395366) at 700124(address 2)", "action_flag": 3, "change_message": ""}}, {"model": "admin.logentry", "pk": 22, "fields": {"action_time": "2021-05-15T18:05:48.377Z", "user": 14, "content_type": 9, "object_id": "3", "object_repr": "Volunteer: 3 ghosh(+917439395366) at 700124(address 2)", "action_flag": 3, "change_message": ""}}, {"model": "admin.logentry", "pk": 23, "fields": {"action_time": "2021-05-15T18:34:06.847Z", "user": 14, "content_type": 9, "object_id": "7", "object_repr": "Volunteer: 6 ghosh(+914639395345) at 700124(address 2=5)", "action_flag": 3, "change_message": ""}}, {"model": "admin.logentry", "pk": 24, "fields": {"action_time": "2021-05-16T12:27:53.667Z", "user": 14, "content_type": 13, "object_id": "2", "object_repr": "cylinder", "action_flag": 3, "change_message": ""}}, {"model": "admin.logentry", "pk": 25, "fields": {"action_time": "2021-05-16T16:00:59.158Z", "user": 14, "content_type": 14, "object_id": "1", "object_repr": "Provider: provider 1(+918749878946) at 500321(provider address 1) provides oximeter at 700124", "action_flag": 1, "change_message": "[{\"added\": {}}]"}}, {"model": "admin.logentry", "pk": 26, "fields": {"action_time": "2021-05-16T16:01:02.157Z", "user": 14, "content_type": 14, "object_id": "1", "object_repr": "Provider: provider 1(+918749878946) at 500321(provider address 1) provides oximeter at 700124", "action_flag": 2, "change_message": "[]"}}, {"model": "admin.logentry", "pk": 27, "fields": {"action_time": "2021-05-16T18:07:25.186Z", "user": 14, "content_type": 7, "object_id": "2", "object_repr": "Provider: provider 1(+919998887776)", "action_flag": 2, "change_message": "[{\"changed\": {\"fields\": [\"Contact\"]}}]"}}, {"model": "admin.logentry", "pk": 28, "fields": {"action_time": "2021-05-16T18:11:10.983Z", "user": 14, "content_type": 7, "object_id": "2", "object_repr": "Provider: provider 2(+919998887776)", "action_flag": 2, "change_message": "[{\"changed\": {\"fields\": [\"Name\", \"Address\", \"Pin code\"]}}]"}}, {"model": "auth.user", "pk": 14, "fields": {"password": "pbkdf2_sha256$260000$9TdVv1PmHmC1dpRVuKWfoo$KMVC8X7+nIWBSLXzMTXAKWe+X5NecaDyhzTyhZzTR8U=", "last_login": "2021-05-15T17:55:51.371Z", "is_superuser": true, "username": "1", "first_name": "", "last_name": "", "email": "1@gmail.com", "is_staff": true, "is_active": true, "date_joined": "2021-05-15T17:55:38.360Z", "groups": [], "user_permissions": []}}, {"model": "auth.user", "pk": 15, "fields": {"password": "pbkdf2_sha256$260000$lE64HvR68aO396vMAufqJ9$cqZS4n1nCSgXbTMVPdErzoOLUnwc8bOpdeNw78wZvAA=", "last_login": null, "is_superuser": false, "username": "2", "first_name": "", "last_name": "", "email": "", "is_staff": false, "is_active": true, "date_joined": "2021-05-15T17:56:21.902Z", "groups": [], "user_permissions": []}}, {"model": "auth.user", "pk": 16, "fields": {"password": "pbkdf2_sha256$260000$Kw0AArkQJ2LakLzq5XkwBF$tozYLSsxCJmdWj31L/K7NhzVjHqv5CDFgshiv2VYCsA=", "last_login": null, "is_superuser": false, "username": "3", "first_name": "", "last_name": "", "email": "", "is_staff": false, "is_active": true, "date_joined": "2021-05-15T17:56:27.379Z", "groups": [], "user_permissions": []}}, {"model": "auth.user", "pk": 17, "fields": {"password": "pbkdf2_sha256$260000$k7kBl7xZZGe0oNPuT5SYnu$GsHVVPh2aOTC0GzlKXqy15YiHljzWaT37qOh+Pe1HPo=", "last_login": null, "is_superuser": false, "username": "4", "first_name": "", "last_name": "", "email": "", "is_staff": false, "is_active": true, "date_joined": "2021-05-15T17:56:31.103Z", "groups": [], "user_permissions": []}}, {"model": "auth.user", "pk": 18, "fields": {"password": "pbkdf2_sha256$260000$jsAdSeI0GJI0QmLSYBrW8M$HK/zGKHPH2vjt9cZ0GqsV6vXOJLEFn6rpNpGU0JFyhI=", "last_login": null, "is_superuser": false, "username": "5", "first_name": "", "last_name": "", "email": "", "is_staff": false, "is_active": true, "date_joined": "2021-05-15T17:56:39.230Z", "groups": [], "user_permissions": []}}, {"model": "auth.user", "pk": 19, "fields": {"password": "pbkdf2_sha256$260000$0oaEz0T7AwTtUBlK0pufhI$EQALuGZ5+wQoWryrjgerQRfhggEr81M6MOWcF46su6Y=", "last_login": null, "is_superuser": false, "username": "6", "first_name": "", "last_name": "", "email": "", "is_staff": false, "is_active": true, "date_joined": "2021-05-15T17:56:44.320Z", "groups": [], "user_permissions": []}}, {"model": "auth.user", "pk": 20, "fields": {"password": "pbkdf2_sha256$260000$JmWt6oVnEXIeH2V3VAEsLT$XXC4SFTH8ETdeeEOAsxq3l8w3jJQI0Qtk0/dZ/V52KU=", "last_login": null, "is_superuser": false, "username": "7", "first_name": "", "last_name": "", "email": "", "is_staff": false, "is_active": true, "date_joined": "2021-05-15T18:31:23.346Z", "groups": [], "user_permissions": []}}, {"model": "auth.user", "pk": 21, "fields": {"password": "pbkdf2_sha256$260000$IWA6pNXzBjasiJKuFsV5jD$u4hoa4SWoHKVD8HuNnGOly2KlwHAH09yI8YMdpIQesE=", "last_login": null, "is_superuser": false, "username": "8", "first_name": "", "last_name": "", "email": "", "is_staff": false, "is_active": true, "date_joined": "2021-05-15T18:31:29.586Z", "groups": [], "user_permissions": []}}, {"model": "auth.user", "pk": 22, "fields": {"password": "pbkdf2_sha256$260000$tAmMCROrHCjHnBsAjJT0eZ$Q5+xIVHejFqAhvFXsH3DZCj9CbSDH+/+72mgHIvpAAk=", "last_login": null, "is_superuser": false, "username": "9", "first_name": "", "last_name": "", "email": "", "is_staff": false, "is_active": true, "date_joined": "2021-05-15T18:31:33.814Z", "groups": [], "user_permissions": []}}, {"model": "auth.user", "pk": 23, "fields": {"password": "pbkdf2_sha256$260000$dd8aIbbNtvbIJRP9G1SM1V$Kqu5gPBH/rjeU2R6DAAqXU3VxhIrIuS35cFKDgBDr/o=", "last_login": null, "is_superuser": false, "username": "10", "first_name": "", "last_name": "", "email": "", "is_staff": false, "is_active": true, "date_joined": "2021-05-15T18:31:36.692Z", "groups": [], "user_permissions": []}}, {"model": "auth.user", "pk": 24, "fields": {"password": "pbkdf2_sha256$260000$z9MtAof8bmn1ASifuqrQix$+j0orUP6W0UL+vDWllk/TRmEgs/nqzH1SZrGCrd/Em4=", "last_login": null, "is_superuser": false, "username": "11", "first_name": "", "last_name": "", "email": "", "is_staff": false, "is_active": true, "date_joined": "2021-05-15T18:31:39.269Z", "groups": [], "user_permissions": []}}, {"model": "auth.user", "pk": 25, "fields": {"password": "pbkdf2_sha256$260000$2uH06Ew3SnUZX7fIq0LrgG$bpM9FXJM5lLuH39RdocGr/GEMipxhngT9yFM2Sx2P68=", "last_login": null, "is_superuser": false, "username": "12", "first_name": "", "last_name": "", "email": "", "is_staff": false, "is_active": true, "date_joined": "2021-05-15T18:31:42.246Z", "groups": [], "user_permissions": []}}, {"model": "sessions.session", "pk": "gfrny4ky5njl98c0n952jagqsyzopyxg", "fields": {"session_data": ".eJxVjDkOwjAUBe_iGllx_L2Ekp4zWP6LcQAlUpxUiLtDpBTQvpl5L5Xytta0NVnSyOqsDKjT74iZHjLthO95us2a5mldRtS7og_a9HVmeV4O9--g5la_tQ3CYr3BADGwl55wGBANAYL3wbiuQE9kogUrniMVHhwVgEihd52o9wcLPzgY:1lhyVz:vSPid6OIPFungxpeEYIJX-68pAbfs_1wzC0atAAKINI", "expire_date": "2021-05-29T17:55:51.421Z"}}, {"model": "authtoken.token", "pk": "08e090832d5305003f13b63717ef38a5fc8818a5", "fields": {"user": 22, "created": "2021-05-15T18:31:34.224Z"}}, {"model": "authtoken.token", "pk": "2c46572e43795a10e506739d7b5d5ab1ff403e37", "fields": {"user": 21, "created": "2021-05-15T18:31:29.767Z"}}, {"model": "authtoken.token", "pk": "33a0edcc3f83ffc35c2325244ac67b27459e6b8a", "fields": {"user": 17, "created": "2021-05-15T17:56:31.287Z"}}, {"model": "authtoken.token", "pk": "3d5ad938ffe5a54eaaa427287cccbd2e2f08aeed", "fields": {"user": 23, "created": "2021-05-15T18:31:36.879Z"}}, {"model": "authtoken.token", "pk": "461c0121dba2cefd396175d04825ff1e151ed925", "fields": {"user": 18, "created": "2021-05-15T17:56:39.416Z"}}, {"model": "authtoken.token", "pk": "6bc7707b711f6958a36def49f929d4c1f9daf86d", "fields": {"user": 24, "created": "2021-05-15T18:31:39.453Z"}}, {"model": "authtoken.token", "pk": "7786fe453d23b41db96135b9ef50492de0cd19bd", "fields": {"user": 20, "created": "2021-05-15T18:31:23.527Z"}}, {"model": "authtoken.token", "pk": "8694e98b863c9bc7b7334d69f38fe3d7eb0226e9", "fields": {"user": 25, "created": "2021-05-15T18:31:42.473Z"}}, {"model": "authtoken.token", "pk": "dc9cb65c1ee73e5e545c63dbf32b7c13deb01909", "fields": {"user": 19, "created": "2021-05-15T17:56:44.504Z"}}, {"model": "authtoken.token", "pk": "e86a1fe98843496d4508fd40760e8305febbace6", "fields": {"user": 14, "created": "2021-05-15T17:55:38.609Z"}}, {"model": "authtoken.token", "pk": "ea73b6afe08806690a1ebedbba9f40af33d6d79a", "fields": {"user": 15, "created": "2021-05-15T17:56:22.079Z"}}, {"model": "authtoken.token", "pk": "f3e75da5a9f938e805fd38faabd5bd1766c8ffd9", "fields": {"user": 16, "created": "2021-05-15T17:56:27.559Z"}}, {"model": "volunteers.volunteer", "pk": 1, "fields": {"user": 15, "name": "2 ghosh", "email": "2@gmail.com", "contact": "+917439395365", "alt_contact": "+913415678905", "address": "address 2", "pin_code": 700124, "rating": 0.0, "is_active": false, "timestamp": "2021-05-15T17:59:41.191Z"}}, {"model": "volunteers.volunteer", "pk": 4, "fields": {"user": 16, "name": "3 ghosh", "email": "3@gmail.com", "contact": "+917439395366", "alt_contact": "+913415678905", "address": "address 2", "pin_code": 700124, "rating": 0.0, "is_active": false, "timestamp": "2021-05-15T18:06:18.626Z"}}, {"model": "volunteers.volunteer", "pk": 5, "fields": {"user": 17, "name": "3 ghosh", "email": "4@gmail.com", "contact": "+917439395312", "alt_contact": "+913415678905", "address": "address 2", "pin_code": 700124, "rating": 0.0, "is_active": false, "timestamp": "2021-05-15T18:07:46.438Z"}}, {"model": "volunteers.volunteer", "pk": 6, "fields": {"user": 18, "name": "5 ghosh", "email": "5@gmail.com", "contact": "+917439395345", "alt_contact": "+913414578905", "address": "address 2=5", "pin_code": 700124, "rating": 0.0, "is_active": false, "timestamp": "2021-05-15T18:21:30.168Z"}}, {"model": "volunteers.volunteer", "pk": 8, "fields": {"user": 19, "name": "6 ghosh", "email": "6@gmail.com", "contact": "+914639395345", "alt_contact": "+913414578905", "address": "address 2=5", "pin_code": 700124, "rating": 0.0, "is_active": true, "timestamp": "2021-05-15T18:34:36.745Z"}}, {"model": "volunteers.volunteer", "pk": 9, "fields": {"user": 20, "name": "7 ghosh", "email": "7@gmail.com", "contact": "+914889395345", "alt_contact": "+913414578905", "address": "address of 7 renewed", "pin_code": 700124, "rating": 0.0, "is_active": true, "timestamp": "2021-05-15T18:37:13.600Z"}}, {"model": "volunteers.volunteer", "pk": 10, "fields": {"user": 14, "name": "Arin ghosh", "email": "1@gmail.con", "contact": "+914889385345", "alt_contact": "+913412378905", "address": "address 2=5", "pin_code": 700001, "rating": 0.0, "is_active": true, "timestamp": "2021-05-16T17:10:19.640Z"}}, {"model": "volunteers.provider", "pk": 1, "fields": {"name": "provider 1", "contact": "+918749878946", "alt_contact": null, "address": "provider address 1", "pin_code": 500321, "rating": 0.0, "created_at": "2021-05-16T05:53:37.146Z", "modified": "2021-05-16T17:30:58.748Z", "active": true}}, {"model": "volunteers.provider", "pk": 2, "fields": {"name": "provider 2", "contact": "+919998887776", "alt_contact": null, "address": "provider address 2", "pin_code": 500319, "rating": 0.0, "created_at": "2021-05-16T06:08:38.315Z", "modified": "2021-05-16T18:11:10.980Z", "active": true}}, {"model": "volunteers.product", "pk": 1, "fields": {"product_type": "oxygen", "product_details": "oximeter", "uom": 1.0, "created_at": "2021-05-16T12:21:05.976Z", "modified": "2021-05-16T12:21:05.976Z", "active": true}}, {"model": "volunteers.product", "pk": 3, "fields": {"product_type": "oxygen", "product_details": "cylinder", "uom": 4.0, "created_at": "2021-05-16T17:10:51.786Z", "modified": "2021-05-16T17:10:51.786Z", "active": true}}, {"model": "volunteers.product", "pk": 4, "fields": {"product_type": "oxygen", "product_details": "cylinder", "uom": 4.0, "created_at": "2021-05-16T17:35:43.251Z", "modified": "2021-05-16T17:35:43.251Z", "active": true}}, {"model": "volunteers.product", "pk": 5, "fields": {"product_type": "oxygen", "product_details": "cylinder", "uom": 1.0, "created_at": "2021-05-16T17:41:53.131Z", "modified": "2021-05-16T17:41:53.131Z", "active": true}}, {"model": "volunteers.product", "pk": 6, "fields": {"product_type": "oxygen", "product_details": "cylinder", "uom": 2.0, "created_at": "2021-05-16T17:41:58.225Z", "modified": "2021-05-16T17:41:58.225Z", "active": true}}, {"model": "volunteers.product", "pk": 7, "fields": {"product_type": "oxygen", "product_details": "cylinder", "uom": 3.0, "created_at": "2021-05-16T17:42:02.355Z", "modified": "2021-05-16T17:42:02.355Z", "active": true}}, {"model": "volunteers.product", "pk": 8, "fields": {"product_type": "oxygen", "product_details": "cylinder", "uom": 4.0, "created_at": "2021-05-16T17:42:06.430Z", "modified": "2021-05-16T17:42:06.430Z", "active": true}}, {"model": "volunteers.product", "pk": 9, "fields": {"product_type": "oxygen", "product_details": "cylinder", "uom": 6.0, "created_at": "2021-05-16T17:42:12.311Z", "modified": "2021-05-16T17:42:12.311Z", "active": true}}, {"model": "volunteers.product", "pk": 10, "fields": {"product_type": "oxygen", "product_details": "cylinder", "uom": 10.0, "created_at": "2021-05-16T17:42:25.837Z", "modified": "2021-05-16T17:42:25.837Z", "active": true}}, {"model": "volunteers.product", "pk": 11, "fields": {"product_type": "oxygen", "product_details": "cylinder", "uom": 0.5, "created_at": "2021-05-16T17:42:35.622Z", "modified": "2021-05-16T17:42:35.622Z", "active": true}}, {"model": "volunteers.providerproductdetail", "pk": 1, "fields": {"provider": 1, "product": 1, "pin_code": 700124, "total": 80, "created_at": "2021-05-16T16:00:59.156Z", "modified": "2021-05-16T16:01:02.156Z", "active": true}}, {"model": "volunteers.providerproductdetail", "pk": 2, "fields": {"provider": 1, "product": 3, "pin_code": 700135, "total": 20, "created_at": "2021-05-16T17:45:33.181Z", "modified": "2021-05-16T17:45:33.182Z", "active": true}}]